{"fold0_train_acc": 0.9694989106753813, "fold0_train_loss": 0.09794307500123978, "fold0_val_acc": 0.8958333333333334, "fold0_val_loss": 0.304047167301178, "fold0_tmp_test_acc": 0.8771929824561403, "fold0_tmp_test_loss": 0.32360535860061646, "_timestamp": 1695805686.771981, "_runtime": 10.079533100128174, "_step": 406, "best_test_acc": 0.8947368421052632, "best_val_acc": 0.9375, "best_epoch": 205, "test_acc": 89.47368421052632, "val_acc": 93.75, "test_acc_std": 0.0, "_wandb": {"runtime": 9}}