{"fold0_train_acc": 1.0, "fold0_train_loss": 0.04523765668272972, "fold0_val_acc": 0.7298994974874372, "fold0_val_loss": 0.9085263013839722, "fold0_tmp_test_acc": 0.7183098591549296, "fold0_tmp_test_loss": 1.075512170791626, "_timestamp": 1695805635.0742111, "_runtime": 75.75149703025818, "_step": 342, "best_test_acc": 0.7404426559356136, "best_val_acc": 0.7512562814070352, "best_epoch": 174, "test_acc": 72.59557344064388, "val_acc": 72.68844221105527, "test_acc_std": 2.870713372557233, "_wandb": {"runtime": 75}}